Gene_EGGNOG	Gene_Keio	KEGG_acc	KEGG_pathway	Locus..Klebsiella.pneumoniae.Ecl8	Locus..Klebsiella.pneumoniae.RH201207	Locus..Escherichia.coli.ST131.EC958	Locus..Escherichia.coli.UPEC.ST131.NCTC13441	Locus..Escherichia.coli.BW25113..Keio.	Locus..Escherichia.coli.BW25113	Locus..Citrobacter.rodentium.ICC168	Locus..Salmonella.Typhi.Ty2	Locus..Salmonella.Typhimurium.A130	Locus..Salmonella.Typhimurium.D23580	Locus..Salmonella.Typhimurium.SL3261	Locus..Salmonella.Typhimurium.SL1344	Locus..Salmonella.Enteritidis.P125109
grpE	grpE	-	-	BN373_35901	ERS227112_01707	EC958_2915	NCTC13441_01128	b2614	BW25113_2614	ROD_25631	t2636	STM_MW26951	STMMW_26951	SL3261_2654	SL1344_2654	SEN2602
rpmD	rpmD	eco03010	Ribosome	BN373_43381	ERS227112_00885	EC958_3695	NCTC13441_00393	b3302	BW25113_3302	ROD_45201	t4083	STM_MW34151	STMMW_34151	SL3261_3389	SL1344_3389	SEN3250
fldA	fldA	-	-	BN373_12781	ERS227112_03148	EC958_0802	NCTC13441_03307	b0684	BW25113_0684	ROD_06921	t2181	STM_MW07521	STMMW_07521	SL3261_0676	SL1344_0676	SEN0658
msbA	msbA	eco02010	ABC transporters	BN373_15571	ERS227112_03429	EC958_1124	NCTC13441_02975	b0914	BW25113_0914	ROD_09821	t1950	STM_MW09951	STMMW_09951	SL3261_0921	SL1344_0921	SEN0888
rpmB	rpmB	eco03010	Ribosome	BN373_46201	ERS227112_00600	EC958_4045	NCTC13441_00046	b3637	BW25113_3637	ROD_41781	t3790	STM_MW37171	STMMW_37171	SL3261_3694	SL1344_3694	SEN3550
bamD	bamD	-	-	BN373_35721	ERS227112_01726	EC958_2899	NCTC13441_01145	b2595	BW25113_2595	ROD_25371	t2619	STM_MW26791	STMMW_26791	SL3261_2623	SL1344_2623	SEN2586
nrdB	nrdB	eco00230 / eco00240 / eco01100	Purine metabolism / Pyrimidine metabolism / Metabolic pathways	BN373_32541	ERS227112_03936	EC958_2572	NCTC13441_01473	b2235	BW25113_2235	ROD_23561	t0586	STM_MW23021	STMMW_23021	SL3261_2247	SL1344_2247	SEN2260
folB	folB	eco00790 / eco01100	Folate biosynthesis / Metabolic pathways	BN373_41151	ERS227112_01144	EC958_3463	NCTC13441_00634	b3058	BW25113_3058	ROD_36031	t3126	STM_MW31671	STMMW_31671	SL3261_3179	SL1344_3179	SEN3048
metG	metG	eco00450 / eco00970	Selenocompound metabolism / Aminoacyl-tRNA biosynthesis	BN373_31631	ERS227112_04019	EC958_2449	NCTC13441_01596	b2114	BW25113_2114	ROD_22361	t0701	STM_MW21861	STMMW_21861	SL3261_2132	SL1344_2132	SEN2148
ubiG	ubiG	eco00130 / eco01100 / eco01110	Ubiquinone and other terpenoid-quinone biosynthesis / Metabolic pathways / Biosynthesis of secondary metabolites	BN373_32521	ERS227112_03938	EC958_2568	NCTC13441_01476	b2232	BW25113_2232	ROD_23541	t0588	STM_MW23001	STMMW_23001	SL3261_2245	SL1344_2245	SEN2258
dnaQ	dnaQ	eco00230 / eco00240 / eco01100 / eco03030 / eco03430 / eco03440	Purine metabolism / Pyrimidine metabolism / Metabolic pathways / DNA replication / Mismatch repair / Homologous recombination	BN373_07151	ERS227112_02570	EC958_0358	NCTC13441_03761	b0215	BW25113_0215	ROD_02201	t2601	STM_MW02631	STMMW_02631	SL3261_0259	SL1344_0259	SEN0266
rpsT	rpsT	eco03010	Ribosome	BN373_05001	-	EC958_0156	NCTC13441_03968	b0023	BW25113_0023	ROD_00212	t0045	STM_MW00441	STMMW_00441	SL3261_0044	SL1344_0044	SEN0043
lptB	lptB	eco02010	ABC transporters	BN373_42611	ERS227112_00987	EC958_3601	NCTC13441_00491	b3201	BW25113_3201	ROD_46191	t3236	STM_MW33181	STMMW_33181	SL3261_3291	SL1344_3291	SEN3152
mreB	mreB	-	-	BN373_43001	ERS227112_00947	EC958_3642	NCTC13441_00449	b3251	BW25113_3251	ROD_45651	t3289	STM_MW33721	STMMW_33721	SL3261_3346	SL1344_3346	SEN3207
pheT	pheT	eco00970	Aminoacyl-tRNA biosynthesis	BN373_27611	ERS227112_04498	EC958_1935	NCTC13441_02166	b1713	BW25113_1713	ROD_13421	t1219	STM_MW13451	STMMW_13451	SL3261_1272	SL1344_1272	SEN1706
lolC	lolC	eco02010	ABC transporters	BN373_17271	ERS227112_03591	EC958_1313	NCTC13441_02796	b1116	BW25113_1116	ROD_11831	t1703	STM_MW12261	STMMW_12261	SL3261_1154	SL1344_1154	SEN1832
gapA	gapA	eco00010 / eco01100 / eco01110 / eco01120 / eco01130 / eco01200 / eco01230	Glycolysis / Gluconeogenesis / Metabolic pathways / Biosynthesis of secondary metabolites / Microbial metabolism in diverse environments / Biosynthesis of antibiotics / Carbon metabolism / Biosynthesis of amino acids	BN373_18191	ERS227112_03665	EC958_2001	NCTC13441_02101	b1779	BW25113_1779	ROD_12731	t1169	STM_MW12971	STMMW_12971	SL3261_1225	SL1344_1225	SEN1762
kdsB	kdsB	eco00540 / eco01100	Lipopolysaccharide biosynthesis / Metabolic pathways	BN373_15611	ERS227112_03433	EC958_1129	NCTC13441_02971	b0918	BW25113_0918	ROD_09861	t1946	STM_MW09991	STMMW_09991	SL3261_0925	SL1344_0925	SEN0892
bamA	bamA	-	-	BN373_06821	ERS227112_02532	EC958_0323	NCTC13441_03799	b0177	BW25113_0177	ROD_01801	t0225	STM_MW02301	STMMW_02301	SL3261_0225	SL1344_0225	SEN0231
lepB	lepB	eco02024 / eco03060	Quorum sensing / Protein export	BN373_35511	ERS227112_00020	EC958_2874	NCTC13441_01171	b2568	BW25113_2568	ROD_25141	t0275	STM_MW25981	STMMW_25981	SL3261_2544	SL1344_2544	SEN2562
ubiH	ubiH	eco00130 / eco01100 / eco01110	Ubiquinone and other terpenoid-quinone biosynthesis / Metabolic pathways / Biosynthesis of secondary metabolites	BN373_40071	ERS227112_01323	EC958_3188	NCTC13441_00849	b2907	BW25113_2907	ROD_49261	t2975	STM_MW30171	STMMW_30171	SL3261_3033	SL1344_3033	SEN2900
tilS	tilS	-	-	BN373_06931	ERS227112_02543	EC958_0334	NCTC13441_03788	b0188	BW25113_0188	ROD_01961	t0238	STM_MW02421	STMMW_02421	SL3261_0237	SL1344_0237	SEN0243
suhB	suhB	eco00521 / eco00562 / eco01100	Streptomycin biosynthesis / Inositol phosphate metabolism / Metabolic pathways	BN373_35221	ERS227112_00050	EC958_2844	NCTC13441_01202	b2533	BW25113_2533	ROD_24771	t0310	STM_MW25631	STMMW_25631	SL3261_2508	SL1344_2508	SEN2526
lnt	lnt	-	-	BN373_12621	ERS227112_03124	EC958_0775	NCTC13441_03340	b0657	BW25113_0657	ROD_06691	t2207	STM_MW07311	STMMW_07311	SL3261_0655	SL1344_0655	SEN0635
asd	asd	eco00260 / eco00261 / eco00270 / eco00300 / eco01100 / eco01110 / eco01120 / eco01130 / eco01210 / eco01230	Glycine, serine and threonine metabolism / Monobactam biosynthesis / Cysteine and methionine metabolism / Lysine biosynthesis / Metabolic pathways / Biosynthesis of secondary metabolites / Microbial metabolism in diverse environments / Biosynthesis of antibiotics / 2-Oxocarboxylic acid metabolism / Biosynthesis of amino acids	BN373_44371	ERS227112_00786	EC958_3827	NCTC13441_00266	b3433	BW25113_3433	ROD_43921	t3981	STM_MW35281	STMMW_35281	SL3261_3506	SL1344_3506	SEN3363
lptA	lptA	-	-	BN373_42601	ERS227112_00988	EC958_3600	NCTC13441_00492	b3200	BW25113_3200	ROD_46201	t3235	STM_MW33171	STMMW_33171	SL3261_3290	SL1344_3290	SEN3151
lspA	lspA	eco03060	Protein export	BN373_05031	ERS227112_02357	EC958_0159	NCTC13441_03965	b0027	BW25113_0027	ROD_00241	t0049	STM_MW00481	STMMW_00481	SL3261_0048	SL1344_0048	SEN0047
nusB	nusB	-	-	BN373_08571	ERS227112_02719	EC958_0554	NCTC13441_03563	b0416	BW25113_0416	ROD_04651	t2445	STM_MW04881	STMMW_04881	SL3261_0412	SL1344_0412	SEN0400
rho	rho	eco03018	RNA degradation	BN373_49111	ERS227112_01753	EC958_4244	NCTC13441_04740	b3783	BW25113_3783	ROD_39641	t3380	STM_MW38921	STMMW_38921	SL3261_3876	SL1344_3876	SEN3722
hemL	hemL	eco00860 / eco01100 / eco01110	Porphyrin and chlorophyll metabolism / Metabolic pathways / Biosynthesis of secondary metabolites	BN373_06601	ERS227112_02510	EC958_0302	NCTC13441_03822	b0154	BW25113_0154	ROD_01581	t0203	STM_MW02081	STMMW_02081	SL3261_0203	SL1344_0203	SEN0207
rplL	rplL	eco03010	Ribosome	BN373_49791	ERS227112_01833	EC958_5097	NCTC13441_04510	b3986	BW25113_3986	ROD_37661	t3475	STM_MW41051	STMMW_41051	SL3261_4091	SL1344_4091	SEN3936
rpsN	rpsN	eco03010	Ribosome	BN373_43431	ERS227112_00880	EC958_3700	NCTC13441_00388	b3307	BW25113_3307	ROD_45151	t4078	STM_MW34201	STMMW_34201	SL3261_3394	SL1344_3394	SEN3255
murJ	murJ	eco00550	Peptidoglycan biosynthesis	BN373_16941	ERS227112_03557	EC958_1264	NCTC13441_02843	b1069	BW25113_1069	ROD_11321	t1750	STM_MW11781	STMMW_11781	SL3261_1107	SL1344_1107	SEN1878
ubiA	ubiA	eco00130 / eco01100 / eco01110	Ubiquinone and other terpenoid-quinone biosynthesis / Metabolic pathways / Biosynthesis of secondary metabolites	BN373_00351	ERS227112_01900	EC958_4496	NCTC13441_04446	b4040	BW25113_4040	ROD_37061	t4140	STM_MW41841	STMMW_41841	SL3261_4171	SL1344_4171	SEN4003
ribE	ribC	eco00740 / eco01100 / eco01110	Riboflavin metabolism / Metabolic pathways / Biosynthesis of secondary metabolites	BN373_25831	ERS227112_04672	EC958_1884	NCTC13441_02219	b1662	BW25113_1662	ROD_14071	t1294	STM_MW14291	STMMW_14291	SL3261_1358	SL1344_1358	SEN1621
glmM	glmM	eco00520 / eco01100 / eco01130	Amino sugar and nucleotide sugar metabolism / Metabolic pathways / Biosynthesis of antibiotics	BN373_42361	ERS227112_01013	EC958_3576	NCTC13441_00517	b3176	BW25113_3176	ROD_46451	t3211	STM_MW32921	STMMW_32921	SL3261_3265	SL1344_3265	SEN3127
ribD	ribD	eco00740 / eco01100 / eco01110 / eco02024	Riboflavin metabolism / Metabolic pathways / Biosynthesis of secondary metabolites / Quorum sensing	BN373_08551	ERS227112_02717	EC958_0552	NCTC13441_03565	b0414	BW25113_0414	ROD_04631	t2447	STM_MW04861	STMMW_04861	SL3261_0410	SL1344_0410	SEN0398
kdsA	kdsA	eco00540 / eco01100	Lipopolysaccharide biosynthesis / Metabolic pathways	BN373_28241	ERS227112_04438	EC958_1483	NCTC13441_02627	b1215	BW25113_1215	ROD_17981	t1104	STM_MW17641	STMMW_17641	SL3261_1700	SL1344_1700	SEN1267
lpxA	lpxA	eco00540 / eco01100 / eco01503	Lipopolysaccharide biosynthesis / Metabolic pathways / Cationic antimicrobial peptide (CAMP) resistance	BN373_06861	ERS227112_02536	EC958_0327	NCTC13441_03795	b0181	BW25113_0181	ROD_01841	t0229	STM_MW02341	STMMW_02341	SL3261_0229	SL1344_0229	SEN0235
thiL	thiL	eco00730 / eco01100	Thiamine metabolism / Metabolic pathways	BN373_08581	ERS227112_02720	EC958_0555	NCTC13441_03562	b0417	BW25113_0417	ROD_04661	t2444	STM_MW04891	STMMW_04891	SL3261_0413	SL1344_0413	SEN0401
tadA	tadA	-	-	BN373_35421	ERS227112_00029	EC958_2865	NCTC13441_01180	b2559	BW25113_2559	ROD_25031	t0289	STM_MW25841	STMMW_25841	SL3261_2530	SL1344_2530	SEN2548
lpxC	lpxC	eco00540 / eco01100	Lipopolysaccharide biosynthesis / Metabolic pathways	BN373_05891	ERS227112_02437	EC958_0236	NCTC13441_03889	b0096	BW25113_0096	ROD_01021	t0138	STM_MW01401	STMMW_01401	SL3261_0134	SL1344_0134	SEN0135
plsB	plsB	eco00561 / eco00564 / eco01100 / eco01110	Glycerolipid metabolism / Glycerophospholipid metabolism / Metabolic pathways / Biosynthesis of secondary metabolites	BN373_00361	ERS227112_01901	EC958_4497	NCTC13441_04445	b4041	BW25113_4041	ROD_37051	t4141	STM_MW41851	STMMW_41851	SL3261_4172	SL1344_4172	SEN4004
orn	orn	-	-	BN373_01721	ERS227112_02037	EC958_4652	NCTC13441_04291	b4162	BW25113_4162	ROD_32241	t4402	STM_MW42981	STMMW_42981	SL3261_4287	SL1344_4287	SEN4120
hemA	hemA	eco00860 / eco01100 / eco01110	Porphyrin and chlorophyll metabolism / Metabolic pathways / Biosynthesis of secondary metabolites	BN373_28291	ERS227112_04433	EC958_1478	NCTC13441_02632	b1210	BW25113_1210	ROD_18031	t1099	STM_MW17691	STMMW_17691	SL3261_1705	SL1344_1705	SEN1262
hemE	hemE	eco00860 / eco01100 / eco01110	Porphyrin and chlorophyll metabolism / Metabolic pathways / Biosynthesis of secondary metabolites	BN373_49941	ERS227112_01850	EC958_5108	NCTC13441_04497	b3997	BW25113_3997	ROD_37551	t3464	STM_MW41201	STMMW_41201	SL3261_4106	SL1344_4106	SEN3953
cca	cca	-	-	BN373_41131	ERS227112_01146	EC958_3461	NCTC13441_00636	b3056	BW25113_3056	ROD_36001	t3124	STM_MW31651	STMMW_31651	SL3261_3177	SL1344_3177	SEN3046
hemD	hemD	eco00860 / eco01100 / eco01110	Porphyrin and chlorophyll metabolism / Metabolic pathways / Biosynthesis of secondary metabolites	BN373_49281	ERS227112_01775	EC958_4265	NCTC13441_04716	b3804	BW25113_3804	ROD_39471	t3360	STM_MW39081	STMMW_39081	SL3261_3892	SL1344_3892	SEN3738
hemG	hemG	eco00860 / eco01100 / eco01110	Porphyrin and chlorophyll metabolism / Metabolic pathways / Biosynthesis of secondary metabolites	BN373_49691	ERS227112_01816	EC958_4330	NCTC13441_04651	b3850	BW25113_3850	ROD_39051	t3311	STM_MW39571	STMMW_39571	SL3261_3940	SL1344_3940	SEN3781
lolB	lolB	-	-	BN373_28301	ERS227112_04432	EC958_1477	NCTC13441_02633	b1209	BW25113_1209	ROD_18041	t1098	STM_MW17701	STMMW_17701	SL3261_1706	SL1344_1706	SEN1261
csrA	csrA	eco02020	Two-component system	BN373_36611	ERS227112_01633	EC958_2961	NCTC13441_01081	b2696	BW25113_2696	ROD_31181	t2727	STM_MW27881	STMMW_27881	SL3261_2806	SL1344_2806	SEN2667
ftsL	ftsL	-	-	BN373_05761	ERS227112_02424	EC958_0223	NCTC13441_03902	b0083	BW25113_0083	ROD_00891	t0125	STM_MW01271	STMMW_01271	SL3261_0121	SL1344_0121	SEN0122
mukB	mukB	-	-	BN373_15671	ERS227112_03439	EC958_1135	NCTC13441_02965	b0924	BW25113_0924	ROD_09921	t1940	STM_MW10051	STMMW_10051	SL3261_0931	SL1344_0931	SEN0898
mukE	mukE	-	-	BN373_15661	ERS227112_03438	EC958_1134	NCTC13441_02966	b0923	BW25113_0923	ROD_09911	t1941	STM_MW10041	STMMW_10041	SL3261_0930	SL1344_0930	SEN0897
ftsB	ftsB	-	-	BN373_37541	ERS227112_01550	EC958_3019	NCTC13441_01025	b2748	BW25113_2748	ROD_30611	t2832	STM_MW28941	STMMW_28941	SL3261_2910	SL1344_2910	SEN2770
secE	secE	eco02024 / eco03060 / eco03070	Quorum sensing / Protein export / Bacterial secretion system	BN373_49741	ERS227112_01828	EC958_5092	NCTC13441_04515	b3981	BW25113_3981	ROD_37711	t3480	STM_MW41001	STMMW_41001	SL3261_4086	SL1344_4086	SEN3931
rplY	rplY	eco03010	Ribosome	BN373_32241	ERS227112_03962	EC958_2523	NCTC13441_01524	b2185	BW25113_2185	ROD_23161	t0630	STM_MW22551	STMMW_22551	SL3261_2201	SL1344_2201	SEN2217
cohE	cohE	-	-	BN373_33841	ERS227112_05331	EC958_4914	NCTC13441_02569	b1145	BW25113_1145	-	-	-	-	-	-	-
mreD	mreD	-	-	BN373_42981	ERS227112_00949	EC958_3640	NCTC13441_00451	b3249	BW25113_3249	ROD_45671	t3287	STM_MW33701	STMMW_33701	SL3261_3344	SL1344_3344	SEN3205
zipA	zipA	-	-	BN373_34171	ERS227112_03820	EC958_5025	NCTC13441_01306	b2412	BW25113_2412	ROD_23711	t0429	STM_MW24471	STMMW_24471	SL3261_2391	SL1344_2391	SEN2409
rplW	rplW	eco03010	Ribosome	BN373_43541	ERS227112_00869	EC958_3711	NCTC13441_00377	b3318	BW25113_3318	ROD_45041	t4067	STM_MW34301	STMMW_34301	SL3261_3405	SL1344_3405	SEN3266
accC	accC	eco00061 / eco00620 / eco00640 / eco01100 / eco01110 / eco01120 / eco01130 / eco01200 / eco01212	Fatty acid biosynthesis / Pyruvate metabolism / Propanoate metabolism / Metabolic pathways / Biosynthesis of secondary metabolites / Microbial metabolism in diverse environments / Biosynthesis of antibiotics / Carbon metabolism / Fatty acid metabolism	BN373_43061	ERS227112_00941	EC958_3648	NCTC13441_00445	b3256	BW25113_3256	ROD_45581	t3295	STM_MW33781	STMMW_33781	SL3261_3353	SL1344_3353	SEN3214
accA	accA	eco00061 / eco00620 / eco00640 / eco01100 / eco01110 / eco01120 / eco01130 / eco01200 / eco01212	Fatty acid biosynthesis / Pyruvate metabolism / Propanoate metabolism / Metabolic pathways / Biosynthesis of secondary metabolites / Microbial metabolism in diverse environments / Biosynthesis of antibiotics / Carbon metabolism / Fatty acid metabolism	BN373_06901	ERS227112_02540	EC958_0331	NCTC13441_03791	b0185	BW25113_0185	ROD_01881	t0233	STM_MW02381	STMMW_02381	SL3261_0233	SL1344_0233	SEN0239
ffh	ffh	eco02024 / eco03060 / eco03070	Quorum sensing / Protein export / Bacterial secretion system	BN373_35871	ERS227112_01710	EC958_2912	NCTC13441_01131	b2610	BW25113_2610	ROD_25601	t2632	STM_MW26911	STMMW_26911	SL3261_2650	SL1344_2650	SEN2598
rpoA	rpoA	eco00230 / eco00240 / eco01100 / eco03020	Purine metabolism / Pyrimidine metabolism / Metabolic pathways / RNA polymerase	BN373_43321	ERS227112_00890	EC958_3689	NCTC13441_00400	b3295	BW25113_3295	ROD_45261	t4090	STM_MW34081	STMMW_34081	SL3261_3382	SL1344_3382	SEN3243
coaBC	dfp	eco00770 / eco01100	Pantothenate and CoA biosynthesis / Metabolic pathways	BN373_46221	ERS227112_00598	EC958_4047	NCTC13441_00044	b3639	BW25113_3639	ROD_41761	t3788	STM_MW37191	STMMW_37191	SL3261_3696	SL1344_3696	SEN3552
hemH	hemH	eco00860 / eco01100 / eco01110	Porphyrin and chlorophyll metabolism / Metabolic pathways / Biosynthesis of secondary metabolites	BN373_09451	ERS227112_02810	EC958_0614	NCTC13441_03503	b0475	BW25113_0475	ROD_05331	t2371	STM_MW05591	STMMW_05591	SL3261_0482	SL1344_0482	SEN0470
ispG	ispG	eco00900 / eco01100 / eco01110 / eco01130	Terpenoid backbone biosynthesis / Metabolic pathways / Biosynthesis of secondary metabolites / Biosynthesis of antibiotics	BN373_35021	ERS227112_00069A	EC958_2825	NCTC13441_5added	b2515	BW25113_2515	ROD_24581	t0333	STM_MW25401	STMMW_25401	SL3261_2485	SL1344_2485	SEN2503
thrS	thrS	eco00970	Aminoacyl-tRNA biosynthesis	BN373_27661	ERS227112_04492	EC958_1940	NCTC13441_02160	b1719	BW25113_1719	ROD_13371	t1213	STM_MW13401	STMMW_13401	SL3261_1267	SL1344_1267	SEN1711
infA	infA	-	-	BN373_15321	ERS227112_03403	EC958_0996	NCTC13441_03109	b0884	BW25113_0884	ROD_09485	t1980	STM_MW09651	STMMW_09651	SL3261_0891	SL1344_0891	SEN0857
def	def	-	-	BN373_43231	ERS227112_00899	EC958_3680	NCTC13441_00409	b3287	BW25113_3287	ROD_45351	t4098	STM_MW33991	STMMW_33991	SL3261_3373	SL1344_3373	SEN3234
dapD	dapD	eco00300 / eco01100 / eco01120 / eco01230	Lysine biosynthesis / Metabolic pathways / Microbial metabolism in diverse environments / Biosynthesis of amino acids	BN373_06701	ERS227112_02520	EC958_0312	NCTC13441_03812	b0166	BW25113_0166	ROD_01691	t0214	STM_MW02191	STMMW_02191	SL3261_0214	SL1344_0214	SEN0219
rpmC	rpmC	eco03010	Ribosome	BN373_43481	ERS227112_00875	EC958_3705	NCTC13441_00383	b3312	BW25113_3312	ROD_45101	t4073	-	-	SL3261_3399	SL1344_3399	SEN3260
folD	folD	eco00670 / eco01100 / eco01120 / eco01200	One carbon pool by folate / Metabolic pathways / Microbial metabolism in diverse environments / Carbon metabolism	BN373_09731	ERS227112_02835	EC958_0668	NCTC13441_03446	b0529	BW25113_0529	ROD_05611	t2321	STM_MW06101	STMMW_06101	SL3261_0535	SL1344_0535	SEN0523
hemC	hemC	eco00860 / eco01100 / eco01110	Porphyrin and chlorophyll metabolism / Metabolic pathways / Biosynthesis of secondary metabolites	BN373_49291	ERS227112_01776	EC958_4266	NCTC13441_04715	b3805	BW25113_3805	ROD_39461	t3359	STM_MW39091	STMMW_39091	SL3261_3893	SL1344_3893	SEN3739
folE	folE	eco00790 / eco01100	Folate biosynthesis / Metabolic pathways	BN373_31931	ERS227112_03989	EC958_2490	NCTC13441_01556	b2153	BW25113_2153	ROD_22811	t0662	STM_MW22251	STMMW_22251	SL3261_2170	SL1344_2170	SEN2186
rplM	rplM	eco03010	Ribosome	BN373_42801	ERS227112_00967	EC958_3623	NCTC13441_00468	b3231	BW25113_3231	ROD_45921	t3261	STM_MW33441	STMMW_33441	SL3261_3317	SL1344_3317	SEN3178
murD	murD	eco00471 / eco00550 / eco01100	D-Glutamine and D-glutamate metabolism / Peptidoglycan biosynthesis / Metabolic pathways	BN373_05811	ERS227112_02429	EC958_0228	NCTC13441_03897	b0088	BW25113_0088	ROD_00941	t0130	STM_MW01321	STMMW_01321	SL3261_0126	SL1344_0126	SEN0127
rpsD	rpsD	eco03010	Ribosome	BN373_43331	ERS227112_00889	EC958_5072	NCTC13441_00399	b3296	BW25113_3296	ROD_45251	t4089	STM_MW34091	STMMW_34091	SL3261_3383	SL1344_3383	SEN3244
rplS	rplS	eco03010	Ribosome	BN373_35831	ERS227112_01714	EC958_2908	NCTC13441_01135	b2606	BW25113_2606	ROD_25561	t2628	STM_MW26871	STMMW_26871	SL3261_2646	SL1344_2646	SEN2594
groS	groS	-	-	BN373_01441	ERS227112_02008	EC958_4631	NCTC13441_04313	b4142	BW25113_4142	ROD_32051	t4381	STM_MW42781	STMMW_42781	SL3261_4266	SL1344_4266	SEN4099
rpsR	rpsR	eco03010	Ribosome	BN373_02071	ERS227112_02074	EC958_4689	NCTC13441_04251	b4202	BW25113_4202	ROD_32571	t4444	STM_MW43371	STMMW_43371	SL3261_4326	SL1344_4326	SEN4159
mreC	mreC	-	-	BN373_42991	ERS227112_00948	EC958_3641	NCTC13441_00450	b3250	BW25113_3250	ROD_45661	t3288	STM_MW33711	STMMW_33711	SL3261_3345	SL1344_3345	SEN3206
pyrH	pyrH	eco00240 / eco01100	Pyrimidine metabolism / Metabolic pathways	BN373_06761	ERS227112_02526	EC958_0317	NCTC13441_03806	b0171	BW25113_0171	ROD_01741	t0219	STM_MW02241	STMMW_02241	SL3261_0219	SL1344_0219	SEN0225
cdsA	cdsA	eco00564 / eco01100 / eco01110	Glycerophospholipid metabolism / Metabolic pathways / Biosynthesis of secondary metabolites	BN373_06801	ERS227112_02530	EC958_0321	NCTC13441_03801	b0175	BW25113_0175	ROD_01781	t0223	STM_MW02281	STMMW_02281	SL3261_0223	SL1344_0223	SEN0229
ftsZ	ftsZ	-	-	BN373_05881	ERS227112_02436	EC958_0235	NCTC13441_03890	b0095	BW25113_0095	ROD_01011	t0137	STM_MW01391	STMMW_01391	SL3261_0133	SL1344_0133	SEN0134
murG	murG	eco00550 / eco01100 / eco01502	Peptidoglycan biosynthesis / Metabolic pathways / Vancomycin resistance	BN373_05831	ERS227112_02431	EC958_0230	NCTC13441_03895	b0090	BW25113_0090	ROD_00961	t0132	STM_MW01341	STMMW_01341	SL3261_0128	SL1344_0128	SEN0129
rplB	rplB	eco03010	Ribosome	BN373_43531	ERS227112_00870	EC958_3710	NCTC13441_00378	b3317	BW25113_3317	ROD_45051	t4068	STM_MW34291	STMMW_34291	SL3261_3404	SL1344_3404	SEN3265
prs	prs	eco00030 / eco00230 / eco01100 / eco01110 / eco01120 / eco01130 / eco01200 / eco01230	Pentose phosphate pathway / Purine metabolism / Metabolic pathways / Biosynthesis of secondary metabolites / Microbial metabolism in diverse environments / Biosynthesis of antibiotics / Carbon metabolism / Biosynthesis of amino acids	BN373_28321	ERS227112_04430	EC958_1475	NCTC13441_02635	b1207	BW25113_1207	ROD_18061	t1096	STM_MW17721	STMMW_17721	SL3261_1708	SL1344_1708	SEN1259
cysS	cysS	eco00970	Aminoacyl-tRNA biosynthesis	BN373_09711	ERS227112_02833	EC958_0665	NCTC13441_03449	b0526	BW25113_0526	ROD_05581	t2324	STM_MW06051	STMMW_06051	SL3261_0530	SL1344_0530	SEN0518
nrdA	nrdA	eco00230 / eco00240 / eco01100	Purine metabolism / Pyrimidine metabolism / Metabolic pathways	BN373_32531	ERS227112_03937	EC958_2571	NCTC13441_01474	b2234	BW25113_2234	ROD_23551	t0587	STM_MW23011	STMMW_23011	SL3261_2246	SL1344_2246	SEN2259
secY	secY	eco02024 / eco03060 / eco03070	Quorum sensing / Protein export / Bacterial secretion system	BN373_43361	ERS227112_00887	EC958_3693	NCTC13441_00395	b3300	BW25113_3300	ROD_45221	t4085	STM_MW34131	STMMW_34131	SL3261_3387	SL1344_3387	SEN3248
yidC	yidC	eco02024 / eco03060 / eco03070	Quorum sensing / Protein export / Bacterial secretion system	BN373_47531	ERS227112_00468	EC958_4179	NCTC13441_04811	b3705	BW25113_3705	ROD_40241	t3678	STM_MW38271	STMMW_38271	SL3261_3809	SL1344_3809	SEN3659
coaD	coaD	eco00770 / eco01100	Pantothenate and CoA biosynthesis / Metabolic pathways	BN373_46171	ERS227112_00603	EC958_4042	NCTC13441_00049	b3634	BW25113_3634	ROD_41821	t3793	STM_MW37141	STMMW_37141	SL3261_3691	SL1344_3691	SEN3547
dnaK	dnaK	eco03018	RNA degradation	BN373_04961	ERS227112_02349	EC958_0146	NCTC13441_03979	b0014	BW25113_0014	ROD_00101	t0012	STM_MW00111	STMMW_00111	SL3261_0012	SL1344_0012	SEN0011
adk	adk	eco00230 / eco01100 / eco01110 / eco01130	Purine metabolism / Metabolic pathways / Biosynthesis of secondary metabolites / Biosynthesis of antibiotics	BN373_09441	ERS227112_02809	EC958_0613	NCTC13441_03504	b0474	BW25113_0474	ROD_05321	t2372	STM_MW05581	STMMW_05581	SL3261_0481	SL1344_0481	SEN0469
rpsA	rpsA	eco03010	Ribosome	BN373_15541	ERS227112_03426	EC958_1121	NCTC13441_02978	b0911	BW25113_0911	ROD_09791	t1953	STM_MW09921	STMMW_09921	SL3261_0918	SL1344_0918	SEN0885
lolE	lolE	eco02010	ABC transporters	BN373_17291	ERS227112_03593	EC958_1315	NCTC13441_02794	b1118	BW25113_1118	ROD_11851	t1701	STM_MW12281	STMMW_12281	SL3261_1156	SL1344_1156	SEN1830
murB	murB	eco00520 / eco00550 / eco01100	Amino sugar and nucleotide sugar metabolism / Peptidoglycan biosynthesis / Metabolic pathways	BN373_49701	ERS227112_01820	EC958_5088	NCTC13441_04523	b3972	BW25113_3972	ROD_37771	t3489	STM_MW40961	STMMW_40961	SL3261_4081	SL1344_4081	SEN3926
gltX	gltX	eco00860 / eco00970 / eco01100 / eco01110	Porphyrin and chlorophyll metabolism / Aminoacyl-tRNA biosynthesis / Metabolic pathways / Biosynthesis of secondary metabolites	BN373_34121	ERS227112_03829	EC958_5016	NCTC13441_01319	b2400	BW25113_2400	ROD_28181	t0442	STM_MW24371	STMMW_24371	SL3261_2381	SL1344_2381	SEN2399
dxs	dxs	eco00730 / eco00900 / eco01100 / eco01110 / eco01130	Thiamine metabolism / Terpenoid backbone biosynthesis / Metabolic pathways / Biosynthesis of secondary metabolites / Biosynthesis of antibiotics	BN373_08611	ERS227112_02723	EC958_0558	NCTC13441_03559	b0420	BW25113_0420	ROD_04691	t2441	STM_MW04921	STMMW_04921	SL3261_0416	SL1344_0416	SEN0404
ssb	ssb	eco03030 / eco03430 / eco03440	DNA replication / Mismatch repair / Homologous recombination	BN373_00531	ERS227112_01918	EC958_4529	NCTC13441_04413	b4059	BW25113_4059	ROD_36301	t4161	STM_MW42061	STMMW_42061	SL3261_4192	SL1344_4192	SEN4025
lptF	lptF	eco02010	ABC transporters	BN373_02831	ERS227112_02148	EC958_4756	NCTC13441_04187	b4261	BW25113_4261	ROD_33271	t4513	STM_MW44251	STMMW_44251	SL3261_4409	SL1344_4409	SEN4232
frr	frr	-	-	BN373_06771	ERS227112_02527	EC958_0318	NCTC13441_03805	b0172	BW25113_0172	ROD_01751	t0220	STM_MW02251	STMMW_02251	SL3261_0220	SL1344_0220	SEN0226
rpoH	rpoH	-	-	BN373_44621	ERS227112_00758	EC958_3855	NCTC13441_00239	b3461	BW25113_3461	ROD_43611	t3954	STM_MW35571	STMMW_35571	SL3261_3533	SL1344_3533	SEN3391
dnaB	dnaB	eco03030	DNA replication	BN373_00461	ERS227112_01911	EC958_4511	NCTC13441_04431	b4052	BW25113_4052	ROD_36391	t4152	STM_MW41961	STMMW_41961	SL3261_4182	SL1344_4182	SEN4015
fabD	fabD	eco00061 / eco01100 / eco01212	Fatty acid biosynthesis / Metabolic pathways / Fatty acid metabolism	BN373_17041	ERS227112_03568	EC958_1288	NCTC13441_02820	b1092	BW25113_1092	ROD_11541	t1726	STM_MW12031	STMMW_12031	SL3261_1131	SL1344_1131	SEN1855
psd	psd	eco00564 / eco01100 / eco01110	Glycerophospholipid metabolism / Metabolic pathways / Biosynthesis of secondary metabolites	BN373_01701	ERS227112_02035	EC958_4650	NCTC13441_04293	b4160	BW25113_4160	ROD_32221	t4400	STM_MW42961	STMMW_42961	SL3261_4285	SL1344_4285	SEN4118
dnaC	dnaC	-	-	BN373_04391	ERS227112_02289	EC958_0091	NCTC13441_04035	b4361	BW25113_4361	ROD_48601	t4586	STM_MW44891	STMMW_44891	SL3261_4474	SL1344_4474	SEN4308
rpsF	rpsF	eco03010	Ribosome	BN373_02051	ERS227112_02072	EC958_4687	NCTC13441_04253	b4200	BW25113_4200	ROD_32551	t4442	STM_MW43351	STMMW_43351	SL3261_4324	SL1344_4324	SEN4157
fbaA	fbaA	eco00010 / eco00030 / eco00051 / eco00680 / eco01100 / eco01110 / eco01120 / eco01130 / eco01200 / eco01230	Glycolysis / Gluconeogenesis / Pentose phosphate pathway / Fructose and mannose metabolism / Methane metabolism / Metabolic pathways / Biosynthesis of secondary metabolites / Microbial metabolism in diverse environments / Biosynthesis of antibiotics / Carbon metabolism / Biosynthesis of amino acids	BN373_40181	ERS227112_01311	EC958_3204	NCTC13441_00831	b2925	BW25113_2925	ROD_50681	t2987	STM_MW30291	STMMW_30291	SL3261_3044	SL1344_3044	SEN2911
thyA	thyA	eco00240 / eco00670 / eco01100	Pyrimidine metabolism / One carbon pool by folate / Metabolic pathways	BN373_38661	ERS227112_01432	EC958_5050	NCTC13441_00913	b2827	BW25113_2827	ROD_28691	t2910	STM_MW29621	STMMW_29621	SL3261_2979	SL1344_2979	SEN2843
rpsM	rpsM	eco03010	Ribosome	BN373_43351	ERS227112_00887A	EC958_3692	NCTC13441_1added	b3298	BW25113_3298	ROD_45231	t4087	STM_MW34111	STMMW_34111	SL3261_3385	SL1344_3385	SEN3246
ftsH	ftsH	-	-	BN373_42381	ERS227112_01011	EC958_3578	NCTC13441_00515	b3178	BW25113_3178	ROD_46431	t3213	STM_MW32951	STMMW_32951	SL3261_3268	SL1344_3268	SEN3129
parE	parE	-	-	BN373_40961	ERS227112_01164	EC958_3433	NCTC13441_00665	b3030	BW25113_3030	ROD_35771	t3102	STM_MW31411	STMMW_31411	SL3261_3155	SL1344_3155	SEN3024
rplX	rplX	eco03010	Ribosome	BN373_43451	ERS227112_00878	EC958_3702	NCTC13441_00386	b3309	BW25113_3309	ROD_45131	t4076	STM_MW34221	STMMW_34221	SL3261_3396	SL1344_3396	SEN3257
rplA	rplA	eco03010	Ribosome	BN373_49771	ERS227112_01831	EC958_5095	NCTC13441_04512	b3984	BW25113_3984	ROD_37681	t3477	STM_MW41031	STMMW_41031	SL3261_4089	SL1344_4089	SEN3934
rpsP	rpsP	eco03010	Ribosome	BN373_35861	ERS227112_01711	EC958_2911	NCTC13441_01132	b2609	BW25113_2609	ROD_25591	t2631	STM_MW26901	STMMW_26901	SL3261_2649	SL1344_2649	SEN2597
fusA	fusA	-	-	BN373_43621	ERS227112_00861	EC958_3736	NCTC13441_00355	b3340	BW25113_3340	ROD_44791	t4059	STM_MW34381	STMMW_34381	SL3261_3413	SL1344_3413	SEN3274
ftsI	ftsI	eco00550 / eco01501	Peptidoglycan biosynthesis / beta-Lactam resistance	BN373_05771	ERS227112_02425	EC958_0224	NCTC13441_03901	b0084	BW25113_0084	ROD_00901	t0126	STM_MW01281	STMMW_01281	SL3261_0122	SL1344_0122	SEN0123
lpxH	lpxH	eco00540 / eco01100	Lipopolysaccharide biosynthesis / Metabolic pathways	BN373_09691	ERS227112_02831	EC958_0663	NCTC13441_03451	b0524	BW25113_0524	ROD_05561	t2326	STM_MW06031	STMMW_06031	SL3261_0528	SL1344_0528	SEN0516
folC	folC	eco00790 / eco01100	Folate biosynthesis / Metabolic pathways	BN373_33151	ERS227112_03874	EC958_2650	NCTC13441_01396	b2315	BW25113_2315	ROD_27271	t0499	STM_MW23871	STMMW_23871	SL3261_2334	SL1344_2334	SEN2347
lolA	lolA	-	-	BN373_15391	ERS227112_03410	EC958_1003	NCTC13441_03102	b0891	BW25113_0891	ROD_09551	t1973	STM_MW09731	STMMW_09731	SL3261_0899	SL1344_0899	SEN0866
murA	murA	eco00520 / eco00550 / eco01100	Amino sugar and nucleotide sugar metabolism / Peptidoglycan biosynthesis / Metabolic pathways	BN373_42491	ERS227112_00999	EC958_3589	NCTC13441_00503	b3189	BW25113_3189	ROD_46311	t3224	STM_MW33061	STMMW_33061	SL3261_3279	SL1344_3279	SEN3140
ispA	ispA	eco00900 / eco01100 / eco01110 / eco01130	Terpenoid backbone biosynthesis / Metabolic pathways / Biosynthesis of secondary metabolites / Biosynthesis of antibiotics	BN373_08621	ERS227112_02724	EC958_0559	NCTC13441_03558	b0421	BW25113_0421	ROD_04701	t2440	STM_MW04931	STMMW_04931	SL3261_0417	SL1344_0417	SEN0405
rpmI	rpmI	eco03010	Ribosome	BN373_27641	ERS227112_04494	EC958_1938	NCTC13441_02162	b1717	BW25113_1717	ROD_13391	t1215	STM_MW13421	STMMW_13421	SL3261_1269	SL1344_1269	SEN1709
glmS	glmS	eco00250 / eco00520 / eco01100 / eco01130	Alanine, aspartate and glutamate metabolism / Amino sugar and nucleotide sugar metabolism / Metabolic pathways / Biosynthesis of antibiotics	BN373_47701	ERS227112_00449	EC958_4202	NCTC13441_04788	b3729	BW25113_3729	ROD_40111	t3658	STM_MW38461	STMMW_38461	SL3261_3828	SL1344_3828	SEN3675
ppa	ppa	eco00190	Oxidative phosphorylation	BN373_02321	ERS227112_02097	EC958_4720	NCTC13441_04220	b4226	BW25113_4226	ROD_32861	t4468	STM_MW43581	STMMW_43581	SL3261_4347	SL1344_4347	SEN4183
gpsA	gpsA	eco00564 / eco01110	Glycerophospholipid metabolism / Biosynthesis of secondary metabolites	BN373_45941	ERS227112_00626	EC958_4016	NCTC13441_00075	b3608	BW25113_3608	ROD_42081	t3819	STM_MW36881	STMMW_36881	SL3261_3666	SL1344_3666	SEN3522
holA	holA	eco00230 / eco00240 / eco01100 / eco03030 / eco03430 / eco03440	Purine metabolism / Pyrimidine metabolism / Metabolic pathways / DNA replication / Mismatch repair / Homologous recombination	BN373_12521	ERS227112_03114	EC958_0759	NCTC13441_03355	b0640	BW25113_0640	ROD_06601	t2221	STM_MW07111	STMMW_07111	SL3261_0634	SL1344_0634	SEN0615
groL	groL	eco03018	RNA degradation	BN373_01451	ERS227112_02009	EC958_4632	NCTC13441_04312	b4143	BW25113_4143	ROD_32061	t4382	STM_MW42791	STMMW_42791	SL3261_4267	SL1344_4267	SEN4100
rpsO	rpsO	eco03010	Ribosome	BN373_42251	ERS227112_01026A	EC958_3567	-	b3165	BW25113_3165	ROD_46671	t3201	STM_MW32831	STMMW_32831	SL3261_3256	SL1344_3256	SEN3118
rpsK	rpsK	eco03010	Ribosome	BN373_43341	ERS227112_00887B	EC958_3691	NCTC13441_00398	b3297	BW25113_3297	ROD_45241	t4088	STM_MW34101	STMMW_34101	SL3261_3384	SL1344_3384	SEN3245
rplO	rplO	eco03010	Ribosome	BN373_43371	ERS227112_00886	EC958_3694	NCTC13441_00394	b3301	BW25113_3301	ROD_45211	t4084	STM_MW34141	STMMW_34141	SL3261_3388	SL1344_3388	SEN3249
gyrA	gyrA	-	-	BN373_32511	ERS227112_03939	EC958_2567	NCTC13441_01477	b2231	BW25113_2231	ROD_23531	t0592	STM_MW22961	STMMW_22961	SL3261_2241	SL1344_2241	SEN2254
gyrB	gyrB	-	-	BN373_47461	ERS227112_00473	EC958_4172	NCTC13441_04817	b3699	BW25113_3699	ROD_40281	t3684	STM_MW38201	STMMW_38201	SL3261_3802	SL1344_3802	SEN3652
murE	murE	eco00300 / eco00550	Lysine biosynthesis / Peptidoglycan biosynthesis	BN373_05781	ERS227112_02426	EC958_0225	NCTC13441_03900	b0085	BW25113_0085	ROD_00911	t0127	STM_MW01291	STMMW_01291	SL3261_0123	SL1344_0123	SEN0124
holB	holB	eco00230 / eco00240 / eco01100 / eco03030 / eco03430 / eco03440	Purine metabolism / Pyrimidine metabolism / Metabolic pathways / DNA replication / Mismatch repair / Homologous recombination	BN373_17111	ERS227112_03575	EC958_1295	NCTC13441_02813	b1099	BW25113_1099	ROD_11611	t1719	STM_MW12101	STMMW_12101	SL3261_1138	SL1344_1138	SEN1848
yqgF	yqgF	-	-	BN373_40351	ERS227112_01281	EC958_3235	NCTC13441_00802	b2949	BW25113_2949	ROD_50371	t3009	STM_MW30581	STMMW_30581	SL3261_3072	SL1344_3072	SEN2940
lpxB	lpxB	eco00540 / eco01100	Lipopolysaccharide biosynthesis / Metabolic pathways	BN373_06871	ERS227112_02537	EC958_0328	NCTC13441_03794	b0182	BW25113_0182	ROD_01851	t0230	STM_MW02351	STMMW_02351	SL3261_0230	SL1344_0230	SEN0236
proS	proS	eco00970	Aminoacyl-tRNA biosynthesis	BN373_06991	ERS227112_02550	EC958_0341	NCTC13441_03781	b0194	BW25113_0194	ROD_02041	t0245	STM_MW02481	STMMW_02481	SL3261_0243	SL1344_0243	SEN0250
nusA	nusA	-	-	BN373_42291	ERS227112_01023	EC958_3571	NCTC13441_00525	b3169	BW25113_3169	ROD_46631	t3205	STM_MW32871	STMMW_32871	SL3261_3260	SL1344_3260	SEN3122
birA	birA	eco00780 / eco01100	Biotin metabolism / Metabolic pathways	BN373_49711	ERS227112_01821	EC958_5089	NCTC13441_04522	b3973	BW25113_3973	ROD_37761	t3488	STM_MW40971	STMMW_40971	SL3261_4082	SL1344_4082	SEN3927
coaA	coaA	eco00770 / eco01100	Pantothenate and CoA biosynthesis / Metabolic pathways	BN373_49721	ERS227112_01822	EC958_5090	NCTC13441_04521	b3974	BW25113_3974	ROD_37751	t3487	STM_MW40981	STMMW_40981	SL3261_4083	SL1344_4083	SEN3928
dxr	dxr	eco00900 / eco01100 / eco01110 / eco01130	Terpenoid backbone biosynthesis / Metabolic pathways / Biosynthesis of secondary metabolites / Biosynthesis of antibiotics	BN373_06781	ERS227112_02528	EC958_0319	NCTC13441_03804	b0173	BW25113_0173	ROD_01761	t0221	STM_MW02261	STMMW_02261	SL3261_0221	SL1344_0221	SEN0227
rplD	rplD	eco03010	Ribosome	BN373_43551	ERS227112_00868	EC958_3712	NCTC13441_00376	b3319	BW25113_3319	ROD_45031	t4066	STM_MW34311	STMMW_34311	SL3261_3406	SL1344_3406	SEN3267
glyS	glyS	eco00970	Aminoacyl-tRNA biosynthesis	BN373_45651	ERS227112_00657	EC958_3964	NCTC13441_00125	b3559	BW25113_3559	ROD_42471	t3864	STM_MW36441	STMMW_36441	SL3261_3620	SL1344_3620	SEN3477
rimM	rimM	-	-	BN373_35851	ERS227112_01712	EC958_2910	NCTC13441_01133	b2608	BW25113_2608	ROD_25581	t2630	STM_MW26891	STMMW_26891	SL3261_2648	SL1344_2648	SEN2596
ygfZ	ygfZ	-	-	BN373_39931	ERS227112_01337	EC958_3180	NCTC13441_00857	b2898	BW25113_2898	ROD_49351	t2966	STM_MW30081	STMMW_30081	SL3261_3024	SL1344_3024	SEN2891
tyrS	tyrS	eco00970	Aminoacyl-tRNA biosynthesis	BN373_25561	ERS227112_04699	EC958_1860	NCTC13441_02244	b1637	BW25113_1637	ROD_14301	t1317	STM_MW14521	STMMW_14521	SL3261_1381	SL1344_1381	SEN1598
leuS	leuS	eco00970	Aminoacyl-tRNA biosynthesis	BN373_12541	ERS227112_03116	EC958_0761	NCTC13441_03353	b0642	BW25113_0642	ROD_06621	t2219	STM_MW07131	STMMW_07131	SL3261_0636	SL1344_0636	SEN0617
ispE	ispE	eco00900 / eco01100 / eco01110 / eco01130	Terpenoid backbone biosynthesis / Metabolic pathways / Biosynthesis of secondary metabolites / Biosynthesis of antibiotics	BN373_28311	ERS227112_04431	EC958_1476	NCTC13441_02634	b1208	BW25113_1208	ROD_18051	t1097	STM_MW17711	STMMW_17711	SL3261_1707	SL1344_1707	SEN1260
topA	topA	-	-	BN373_18951	ERS227112_05459	EC958_1604	NCTC13441_02492	b1274	BW25113_1274	ROD_17291	t1627	STM_MW17101	STMMW_17101	SL3261_1646	SL1344_1646	SEN1319
ligA	ligA	eco03030 / eco03410 / eco03420 / eco03430	DNA replication / Base excision repair / Nucleotide excision repair / Mismatch repair	BN373_34161	ERS227112_03821	EC958_5024	NCTC13441_01307	b2411	BW25113_2411	ROD_23701	t0431	STM_MW24461	STMMW_24461	SL3261_2390	SL1344_2390	SEN2408
eno	eno	eco00010 / eco00680 / eco01100 / eco01110 / eco01120 / eco01130 / eco01200 / eco01230 / eco03018	Glycolysis / Gluconeogenesis / Methane metabolism / Metabolic pathways / Biosynthesis of secondary metabolites / Microbial metabolism in diverse environments / Biosynthesis of antibiotics / Carbon metabolism / Biosynthesis of amino acids / RNA degradation	BN373_37671	ERS227112_01537	EC958_3048	NCTC13441_00995	b2779	BW25113_2779	ROD_30351	t2853	STM_MW29151	STMMW_29151	SL3261_2931	SL1344_2931	SEN2791
-	fabG	eco00061 / eco00780 / eco01040 / eco01100 / eco01212	Fatty acid biosynthesis / Biotin metabolism / Biosynthesis of unsaturated fatty acids / Metabolic pathways / Fatty acid metabolism	BN373_17051	ERS227112_03569	EC958_1289	NCTC13441_02819	b1093	BW25113_1093	ROD_11551	t1725	STM_MW12041	STMMW_12041	SL3261_1132	SL1344_1132	SEN1854
dnaG	dnaG	eco03030	DNA replication	BN373_41281	ERS227112_01132	EC958_3472	NCTC13441_00626	b3066	BW25113_3066	ROD_36181	t3130	STM_MW31711	STMMW_31711	SL3261_3184	SL1344_3184	SEN3053
ubiX	ubiX	eco00130 / eco01100 / eco01110	Ubiquinone and other terpenoid-quinone biosynthesis / Metabolic pathways / Biosynthesis of secondary metabolites	BN373_33111	ERS227112_03878	EC958_2646	NCTC13441_01400	b2311	BW25113_2311	ROD_27191	t0508	STM_MW23781	STMMW_23781	SL3261_2325	SL1344_2325	SEN2338
lysS	lysS	eco00970	Aminoacyl-tRNA biosynthesis	BN373_39851	ERS227112_01345	EC958_3171	NCTC13441_00865	b2890	BW25113_2890	ROD_49431	t2958	STM_MW30001	STMMW_30001	SL3261_3016	SL1344_3016	SEN2883
folK	folK	eco00790 / eco01100	Folate biosynthesis / Metabolic pathways	BN373_06321	ERS227112_02483	EC958_0285	NCTC13441_03838	b0142	BW25113_0142	ROD_01461	t0191	STM_MW01891	STMMW_01891	SL3261_0184	SL1344_0184	SEN0188
tsaC	tsaC	-	-	BN373_43191	ERS227112_00903	EC958_3676	NCTC13441_00413	b3282	BW25113_3282	ROD_45391	t4102	STM_MW33951	STMMW_33951	SL3261_3369	SL1344_3369	SEN3230
uppS	ispU	eco00900 / eco01110	Terpenoid backbone biosynthesis / Biosynthesis of secondary metabolites	BN373_06791	ERS227112_02529	EC958_0320	NCTC13441_03803	b0174	BW25113_0174	ROD_01771	t0222	STM_MW02271	STMMW_02271	SL3261_0222	SL1344_0222	SEN0228
pgk	pgk	eco00010 / eco01100 / eco01110 / eco01120 / eco01130 / eco01200 / eco01230	Glycolysis / Gluconeogenesis / Metabolic pathways / Biosynthesis of secondary metabolites / Microbial metabolism in diverse environments / Biosynthesis of antibiotics / Carbon metabolism / Biosynthesis of amino acids	BN373_40191	ERS227112_01310	EC958_3205	NCTC13441_00830	b2926	BW25113_2926	ROD_50671	t2988	STM_MW30301	STMMW_30301	SL3261_3045	SL1344_3045	SEN2912
rpoD	rpoD	-	-	BN373_41291	ERS227112_01131	EC958_3473	NCTC13441_00625	b3067	BW25113_3067	ROD_36191	t3131	STM_MW31721	STMMW_31721	SL3261_3185	SL1344_3185	SEN3054
metK	metK	eco00270 / eco01100 / eco01110 / eco01230	Cysteine and methionine metabolism / Metabolic pathways / Biosynthesis of secondary metabolites / Biosynthesis of amino acids	BN373_40281	ERS227112_01288	EC958_5057	NCTC13441_00810	b2942	BW25113_2942	ROD_50471	t3002	STM_MW30511	STMMW_30511	SL3261_3065	SL1344_3065	SEN2933
ftsW	ftsW	-	-	BN373_05821	ERS227112_02430	EC958_0229	NCTC13441_03896	b0089	BW25113_0089	ROD_00951	t0131	STM_MW01331	STMMW_01331	SL3261_0127	SL1344_0127	SEN0128
nusG	nusG	-	-	BN373_49751	ERS227112_01829	EC958_5093	NCTC13441_04514	b3982	BW25113_3982	ROD_37701	t3479	STM_MW41011	STMMW_41011	SL3261_4087	SL1344_4087	SEN3932
ybeY	ybeY	-	-	BN373_12641	ERS227112_03126	EC958_0777	NCTC13441_03338	b0659	BW25113_0659	ROD_06711	t2205	STM_MW07331	STMMW_07331	SL3261_0657	SL1344_0657	SEN0637
pheS	pheS	eco00970	Aminoacyl-tRNA biosynthesis	BN373_27621	ERS227112_04497	EC958_1936	NCTC13441_02165	b1714	BW25113_1714	ROD_13411	t1218	STM_MW13441	STMMW_13441	SL3261_1271	SL1344_1271	SEN1707
dnaA	dnaA	eco02020	Two-component system	BN373_47491	ERS227112_00470	EC958_4175	NCTC13441_04814	b3702	BW25113_3702	ROD_40251	t3681	STM_MW38231	STMMW_38231	SL3261_3805	SL1344_3805	SEN3655
pgsA	pgsA	eco00564 / eco01100	Glycerophospholipid metabolism / Metabolic pathways	BN373_29931	ERS227112_04251	EC958_2179	NCTC13441_01912	b1912	BW25113_1912	ROD_19671	t0931	STM_MW19241	STMMW_19241	SL3261_1875	SL1344_1875	SEN1061
dnaE	dnaE	eco00230 / eco00240 / eco01100 / eco03030 / eco03430 / eco03440	Purine metabolism / Pyrimidine metabolism / Metabolic pathways / DNA replication / Mismatch repair / Homologous recombination	BN373_06891	ERS227112_02539	EC958_0330	NCTC13441_03792	b0184	BW25113_0184	ROD_01871	t0232	STM_MW02371	STMMW_02371	SL3261_0232	SL1344_0232	SEN0238
ribF	ribF	eco00740 / eco01100 / eco01110	Riboflavin metabolism / Metabolic pathways / Biosynthesis of secondary metabolites	BN373_05011	ERS227112_02355	EC958_0157	NCTC13441_03967	b0025	BW25113_0025	ROD_00221	t0047	STM_MW00461	STMMW_00461	SL3261_0046	SL1344_0046	SEN0045
argS	argS	eco00970	Aminoacyl-tRNA biosynthesis	BN373_29741	ERS227112_04273	EC958_2099	NCTC13441_02005	b1876	BW25113_1876	ROD_19201	t0968	STM_MW18921	STMMW_18921	SL3261_1844	SL1344_1844	SEN1094
nadD	nadD	eco00760 / eco01100	Nicotinate and nicotinamide metabolism / Metabolic pathways	BN373_12511	ERS227112_03113	EC958_0758	NCTC13441_03356	b0639	BW25113_0639	ROD_06591	t2222	STM_MW07101	STMMW_07101	SL3261_0633	SL1344_0633	SEN0614
lexA	lexA	-	-	BN373_00381	ERS227112_01903	EC958_4499	NCTC13441_04443	b4043	BW25113_4043	ROD_37031	t4143	STM_MW41871	STMMW_41871	SL3261_4174	SL1344_4174	SEN4006
rplF	rplF	eco03010	Ribosome	BN373_43411	ERS227112_00882	EC958_3698	NCTC13441_00390	b3305	BW25113_3305	ROD_45171	t4080	STM_MW34181	STMMW_34181	SL3261_3392	SL1344_3392	SEN3253
tsf	tsf	-	-	BN373_06751	ERS227112_02525	EC958_0316	NCTC13441_03807	b0170	BW25113_0170	ROD_01731	t0218	STM_MW02231	STMMW_02231	SL3261_0218	SL1344_0218	SEN0224
rplT	rplT	eco03010	Ribosome	BN373_27631	ERS227112_04495	EC958_1937	NCTC13441_02163	b1716	BW25113_1716	ROD_13401	t1216	STM_MW13431	STMMW_13431	SL3261_1270	SL1344_1270	SEN1708
prfA	prfA	-	-	BN373_28281	ERS227112_04434	EC958_1479	NCTC13441_02631	b1211	BW25113_1211	ROD_18021	t1100	STM_MW17681	STMMW_17681	SL3261_1704	SL1344_1704	SEN1263
rplU	rplU	eco03010	Ribosome	BN373_42461	ERS227112_01002	EC958_3586	NCTC13441_00506	b3186	BW25113_3186	ROD_46342	t3221	STM_MW33031	STMMW_33031	SL3261_3276	SL1344_3276	SEN3137
ribB	ribB	eco00740 / eco01100 / eco01110	Riboflavin metabolism / Metabolic pathways / Biosynthesis of secondary metabolites	BN373_41061	ERS227112_01154	EC958_3451	NCTC13441_00647	b3041	BW25113_3041	ROD_35901	t3115	STM_MW31561	STMMW_31561	SL3261_3168	SL1344_3168	SEN3037
rplK	rplK	eco03010	Ribosome	BN373_49761	ERS227112_01830	EC958_5094	NCTC13441_04513	b3983	BW25113_3983	ROD_37691	t3478	STM_MW41021	STMMW_41021	SL3261_4088	SL1344_4088	SEN3933
ispD	ispD	eco00900 / eco01100 / eco01110 / eco01130	Terpenoid backbone biosynthesis / Metabolic pathways / Biosynthesis of secondary metabolites / Biosynthesis of antibiotics	BN373_37531	ERS227112_01551	EC958_3018	NCTC13441_01026	b2747	BW25113_2747	ROD_30621	t2831	STM_MW28931	STMMW_28931	SL3261_2909	SL1344_2909	SEN2769
dnaX	dnaX	eco00230 / eco00240 / eco01100 / eco03030 / eco03430 / eco03440	Purine metabolism / Pyrimidine metabolism / Metabolic pathways / DNA replication / Mismatch repair / Homologous recombination	BN373_09401	ERS227112_02804A	EC958_0609	NCTC13441_14added	b0470	BW25113_0470	ROD_05281	t2376	STM_MW05541	STMMW_05541	SL3261_0477	SL1344_0477	SEN0465
fabB	fabB	eco00061 / eco00780 / eco01100 / eco01212	Fatty acid biosynthesis / Biotin metabolism / Metabolic pathways / Fatty acid metabolism	BN373_33231	ERS227112_03866	EC958_2658	NCTC13441_01388	b2323	BW25113_2323	ROD_27351	t0486	STM_MW24001	STMMW_24001	SL3261_2347	SL1344_2347	SEN2360
accD	accD	eco00061 / eco00620 / eco00640 / eco01100 / eco01110 / eco01120 / eco01130 / eco01200 / eco01212	Fatty acid biosynthesis / Pyruvate metabolism / Propanoate metabolism / Metabolic pathways / Biosynthesis of secondary metabolites / Microbial metabolism in diverse environments / Biosynthesis of antibiotics / Carbon metabolism / Fatty acid metabolism	BN373_33161	ERS227112_03873	EC958_2651	NCTC13441_01395	b2316	BW25113_2316	ROD_27281	t0498	STM_MW23881	STMMW_23881	SL3261_2335	SL1344_2335	SEN2348
rpsC	rpsC	eco03010	Ribosome	BN373_43501	ERS227112_00873	EC958_3707	NCTC13441_00381	b3314	BW25113_3314	ROD_45081	t4071	STM_MW34261	STMMW_34261	SL3261_3401	SL1344_3401	SEN3262
rplV	rplV	eco03010	Ribosome	BN373_43511	ERS227112_00872	EC958_3708	NCTC13441_00380	b3315	BW25113_3315	ROD_45071	t4070	STM_MW34271	STMMW_34271	SL3261_3402	SL1344_3402	SEN3263
lgt	lgt	-	-	BN373_38671	ERS227112_01431	EC958_5051	NCTC13441_00912	b2828	BW25113_2828	ROD_28701	t2911	STM_MW29631	STMMW_29631	SL3261_2980	SL1344_2980	SEN2844
rpsU	rpsU	eco03010	Ribosome	BN373_41271	ERS227112_01133	EC958_3471	NCTC13441_00627	b3065	BW25113_3065	ROD_36171	t3129	STM_MW31701	STMMW_31701	SL3261_3183	SL1344_3183	SEN3052
rplC	rplC	eco03010	Ribosome	BN373_43561	ERS227112_00867	EC958_3713	NCTC13441_00375	b3320	BW25113_3320	ROD_45021	t4065	STM_MW34321	STMMW_34321	SL3261_3407	SL1344_3407	SEN3268
murF	murF	eco00300 / eco00550 / eco01100 / eco01502	Lysine biosynthesis / Peptidoglycan biosynthesis / Metabolic pathways / Vancomycin resistance	BN373_05791	ERS227112_02427	EC958_0226	NCTC13441_03899	b0086	BW25113_0086	ROD_00921	t0128	STM_MW01301	STMMW_01301	SL3261_0124	SL1344_0124	SEN0125
mukF	mukF	-	-	BN373_15651	ERS227112_03437	EC958_1133	NCTC13441_02967	b0922	BW25113_0922	ROD_09901	t1942	STM_MW10031	STMMW_10031	SL3261_0929	SL1344_0929	SEN0896
plsC	plsC	eco00561 / eco00564 / eco01100 / eco01110	Glycerolipid metabolism / Glycerophospholipid metabolism / Metabolic pathways / Biosynthesis of secondary metabolites	BN373_40881	ERS227112_01172	EC958_3416	NCTC13441_00683	b3018	BW25113_3018	ROD_35641	t3094	STM_MW31331	STMMW_31331	SL3261_3147	SL1344_3147	SEN3016
ribA	ribA	eco00740 / eco01100 / eco01110 / eco02024	Riboflavin metabolism / Metabolic pathways / Biosynthesis of secondary metabolites / Quorum sensing	BN373_18991	ERS227112_05455	EC958_1609	NCTC13441_02486	b1277	BW25113_1277	ROD_17231	t1624	STM_MW17061	STMMW_17061	SL3261_1643	SL1344_1643	SEN1322
tmk	tmk	eco00240 / eco01100	Pyrimidine metabolism / Metabolic pathways	BN373_17101	ERS227112_03574	EC958_1294	NCTC13441_02814	b1098	BW25113_1098	ROD_11601	t1720	STM_MW12091	STMMW_12091	SL3261_1137	SL1344_1137	SEN1849
hisS	hisS	eco00970	Aminoacyl-tRNA biosynthesis	BN373_35011	ERS227112_00071	EC958_2824	NCTC13441_01222	b2514	BW25113_2514	ROD_24571	t0334	STM_MW25391	STMMW_25391	SL3261_2484	SL1344_2484	SEN2502
glyA	glyA	eco00260 / eco00460 / eco00630 / eco00670 / eco00680 / eco01100 / eco01110 / eco01120 / eco01130 / eco01200 / eco01230	Glycine, serine and threonine metabolism / Cyanoamino acid metabolism / Glyoxylate and dicarboxylate metabolism / One carbon pool by folate / Methane metabolism / Metabolic pathways / Biosynthesis of secondary metabolites / Microbial metabolism in diverse environments / Biosynthesis of antibiotics / Carbon metabolism / Biosynthesis of amino acids	BN373_35341	ERS227112_00039	EC958_2857	NCTC13441_01190	b2551	BW25113_2551	ROD_24931	t0301	STM_MW25721	STMMW_25721	SL3261_2517	SL1344_2517	SEN2535
obg	obgE	-	-	BN373_42431	ERS227112_01005	EC958_3583	NCTC13441_00509	b3183	BW25113_3183	ROD_46371	t3218	STM_MW33001	STMMW_33001	SL3261_3273	SL1344_3273	SEN3134
infB	infB	-	-	BN373_42281	ERS227112_01024	EC958_3570	NCTC13441_00526	b3168	BW25113_3168	ROD_46641	t3204	STM_MW32861	STMMW_32861	SL3261_3259	SL1344_3259	SEN3121
rplR	rplR	eco03010	Ribosome	BN373_43401	ERS227112_00883	EC958_3697	NCTC13441_00391	b3304	BW25113_3304	ROD_45181	t4081	STM_MW34171	STMMW_34171	SL3261_3391	SL1344_3391	SEN3252
yjeE	tsaE	-	-	BN373_01761	ERS227112_02044	EC958_4655	NCTC13441_04285	b4168	BW25113_4168	ROD_32281	t4408	STM_MW43021	STMMW_43021	SL3261_4291	SL1344_4291	SEN4124
fabH	fabH	eco00061 / eco01100 / eco01212	Fatty acid biosynthesis / Metabolic pathways / Fatty acid metabolism	BN373_17031	ERS227112_03567	EC958_1287	NCTC13441_02821	b1091	BW25113_1091	ROD_11531	t1727	STM_MW12021	STMMW_12021	SL3261_1130	SL1344_1130	SEN1856
lptG	lptG	eco02010	ABC transporters	BN373_02841	ERS227112_02149	EC958_4757	NCTC13441_04186	b4262	BW25113_4262	ROD_33281	t4514	STM_MW44261	STMMW_44261	SL3261_4410	SL1344_4410	SEN4233
glnS	glnS	eco00970 / eco01100	Aminoacyl-tRNA biosynthesis / Metabolic pathways	BN373_12741	ERS227112_03143	EC958_0798	NCTC13441_03311	b0680	BW25113_0680	ROD_06851	t2189	STM_MW07441	STMMW_07441	SL3261_0668	SL1344_0668	SEN0650
serS	serS	eco00970	Aminoacyl-tRNA biosynthesis	BN373_15411	ERS227112_03412	EC958_1005	NCTC13441_03100	b0893	BW25113_0893	ROD_09571	t1971	STM_MW09751	STMMW_09751	SL3261_0901	SL1344_0901	SEN0868
pyrG	pyrG	eco00240 / eco01100	Pyrimidine metabolism / Metabolic pathways	BN373_37681	ERS227112_01536	EC958_3049	NCTC13441_00994	b2780	BW25113_2780	ROD_30341	t2854	STM_MW29161	STMMW_29161	SL3261_2932	SL1344_2932	SEN2792
mnmA	mnmA	eco04122	Sulfur relay system	BN373_17581	ERS227112_03611	EC958_1330	NCTC13441_02779	b1133	BW25113_1133	ROD_12231	t1686	STM_MW12441	STMMW_12441	SL3261_1172	SL1344_1172	SEN1815
acpS	acpS	eco00770	Pantothenate and CoA biosynthesis	BN373_35461	ERS227112_00025	EC958_2869	NCTC13441_01176	b2563	BW25113_2563	ROD_25091	t0280	STM_MW25931	STMMW_25931	SL3261_2539	SL1344_2539	SEN2557
dapB	dapB	eco00261 / eco00300 / eco01100 / eco01110 / eco01120 / eco01130 / eco01230	Monobactam biosynthesis / Lysine biosynthesis / Metabolic pathways / Biosynthesis of secondary metabolites / Microbial metabolism in diverse environments / Biosynthesis of antibiotics / Biosynthesis of amino acids	BN373_05241	ERS227112_02375	EC958_0164	NCTC13441_03960	b0031	BW25113_0031	ROD_00341	t0066	STM_MW00651	STMMW_00651	SL3261_0065	SL1344_0065	SEN0065
yeaZ	tsaB	-	-	BN373_29071	ERS227112_04342	EC958_2025	NCTC13441_02079	b1807	BW25113_1807	ROD_18461	t1057	STM_MW18121	STMMW_18121	SL3261_1749	SL1344_1749	SEN1217
mrdB	mrdB	-	-	BN373_12461	ERS227112_03108	EC958_0753	NCTC13441_03361	b0634	BW25113_0634	ROD_06521	t2228	STM_MW07041	STMMW_07041	SL3261_0627	SL1344_0627	SEN0608
alaS	alaS	eco00970	Aminoacyl-tRNA biosynthesis	BN373_36621	ERS227112_01632	EC958_2962	NCTC13441_01080	b2697	BW25113_2697	ROD_31171	t2728	STM_MW27891	STMMW_27891	SL3261_2807	SL1344_2807	SEN2668
ileS	ileS	eco00970	Aminoacyl-tRNA biosynthesis	BN373_05021	ERS227112_02356	EC958_0158	NCTC13441_03966	b0026	BW25113_0026	ROD_00231	t0048	STM_MW00471	STMMW_00471	SL3261_0047	SL1344_0047	SEN0046
rpsQ	rpsQ	eco03010	Ribosome	BN373_43471	ERS227112_00876	EC958_3704	NCTC13441_00384	b3311	BW25113_3311	ROD_45111	t4074	STM_MW34241	STMMW_34241	SL3261_3398	SL1344_3398	SEN3259
aspS	aspS	eco00970	Aminoacyl-tRNA biosynthesis	BN373_29661	ERS227112_04281	EC958_2089	NCTC13441_02015	b1866	BW25113_1866	ROD_19071	t0976	STM_MW18841	STMMW_18841	SL3261_1836	SL1344_1836	SEN1102
murI	murI	eco00471 / eco01100	D-Glutamine and D-glutamate metabolism / Metabolic pathways	BN373_48901	ERS227112_00325	EC958_4455	NCTC13441_04528	b3967	BW25113_3967	ROD_37781	t3494	STM_MW40951	STMMW_40951	SL3261_4080	SL1344_4080	SEN3925
der	der	-	-	BN373_34981	ERS227112_00074	EC958_2821	NCTC13441_01225	b2511	BW25113_2511	ROD_24541	t0337	STM_MW25361	STMMW_25361	SL3261_2481	SL1344_2481	SEN2499
fmt	fmt	eco00670 / eco00970	One carbon pool by folate / Aminoacyl-tRNA biosynthesis	BN373_43241	ERS227112_00898	EC958_3681	NCTC13441_00408	b3288	BW25113_3288	ROD_45341	t4097	STM_MW34001	STMMW_34001	SL3261_3374	SL1344_3374	SEN3235
folA	folA	eco00670 / eco00790 / eco01100	One carbon pool by folate / Folate biosynthesis / Metabolic pathways	BN373_05321	ERS227112_02381	EC958_0182	NCTC13441_03942	b0048	BW25113_0048	ROD_00551	t0090	STM_MW00921	STMMW_00921	SL3261_0088	SL1344_0088	SEN0089
rpsE	rpsE	eco03010	Ribosome	BN373_43391	ERS227112_00884	EC958_3696	NCTC13441_00392	b3303	BW25113_3303	ROD_45191	t4082	STM_MW34161	STMMW_34161	SL3261_3390	SL1344_3390	SEN3251
rplP	rplP	eco03010	Ribosome	BN373_43491	ERS227112_00874	EC958_3706	NCTC13441_00382	b3313	BW25113_3313	ROD_45091	t4072	STM_MW34251	STMMW_34251	SL3261_3400	SL1344_3400	SEN3261
tsaD	tsaD	-	-	BN373_41261	ERS227112_01134	EC958_3470	NCTC13441_00628	b3064	BW25113_3064	ROD_36161	t3128	STM_MW31691	STMMW_31691	SL3261_3182	SL1344_3182	SEN3051
gmk	gmk	eco00230 / eco01100	Purine metabolism / Metabolic pathways	BN373_46381	ERS227112_00583	EC958_4055	NCTC13441_00036	b3648	BW25113_3648	ROD_41681	t3778	STM_MW37291	STMMW_37291	SL3261_3706	SL1344_3706	SEN3562
priA	priA	eco03440	Homologous recombination	BN373_48631	ERS227112_00352	EC958_4420	NCTC13441_04565	b3935	BW25113_3935	ROD_38111	t3523	STM_MW40601	STMMW_40601	SL3261_4044	SL1344_4044	SEN3885
glyQ	glyQ	eco00970	Aminoacyl-tRNA biosynthesis	BN373_45661	ERS227112_00656	EC958_3965	NCTC13441_00124	b3560	BW25113_3560	ROD_42461	t3863	STM_MW36451	STMMW_36451	SL3261_3621	SL1344_3621	SEN3478
minE	minE	-	-	BN373_29031	ERS227112_04346	EC958_1412	NCTC13441_02706	b1174	BW25113_1174	ROD_18401	t1061	STM_MW18081	STMMW_18081	SL3261_1744	SL1344_1744	SEN1221
rnc	rnc	-	-	BN373_35501	ERS227112_00020A	EC958_2873	-	b2567	BW25113_2567	ROD_25131	t0277	STM_MW25971	STMMW_25971	SL3261_2543	SL1344_2543	SEN2561
nadE	nadE	eco00760 / eco01100	Nicotinate and nicotinamide metabolism / Metabolic pathways	BN373_18511	ERS227112_05505	EC958_1961	NCTC13441_02140	b1740	BW25113_1740	ROD_13161	t1189	STM_MW13171	STMMW_13171	SL3261_1245	SL1344_1245	SEN1733
prfB	prfB	-	-	BN373_39861	ERS227112_01344	EC958_3172	NCTC13441_00864	b2891	BW25113_2891	ROD_49421	t2959	STM_MW30011	STMMW_30011	SL3261_3017	SL1344_3017	SEN2884
lolD	lolD	eco02010	ABC transporters	BN373_17281	ERS227112_03592	EC958_1314	NCTC13441_02795	b1117	BW25113_1117	ROD_11841	t1702	STM_MW12271	STMMW_12271	SL3261_1155	SL1344_1155	SEN1831
ubiE	ubiE	eco00130 / eco01100 / eco01110	Ubiquinone and other terpenoid-quinone biosynthesis / Metabolic pathways / Biosynthesis of secondary metabolites	BN373_49541	ERS227112_01801	EC958_4315	NCTC13441_04666	b3833	BW25113_3833	ROD_39211	t3327	STM_MW39411	STMMW_39411	SL3261_3924	SL1344_3924	SEN3765
ftsA	ftsA	-	-	BN373_05871	ERS227112_02435	EC958_0234	NCTC13441_03891	b0094	BW25113_0094	ROD_01001	t0136	STM_MW01381	STMMW_01381	SL3261_0132	SL1344_0132	SEN0133
rpsS	rpsS	eco03010	Ribosome	BN373_43521	ERS227112_00871	EC958_3709	NCTC13441_00379	b3316	BW25113_3316	ROD_45061	t4069	STM_MW34281	STMMW_34281	SL3261_3403	SL1344_3403	SEN3264
rpmH	rpmH	eco03010	Ribosome	BN373_47501	ERS227112_00468C	EC958_4177	NCTC13441_04813	b3703	BW25113_3703	ROD_40243	t3680	STM_MW38241	STMMW_38241	SL3261_3806	SL1344_3806	SEN3656
rnpA	rnpA	-	-	BN373_47511	ERS227112_00468B	EC958_4178	NCTC13441_04812	b3704	BW25113_3704	ROD_40242	t3679	STM_MW38251	STMMW_38251	SL3261_3807	SL1344_3807	SEN3657
rpoB	rpoB	eco00230 / eco00240 / eco01100 / eco03020	Purine metabolism / Pyrimidine metabolism / Metabolic pathways / RNA polymerase	BN373_49801	ERS227112_01835	EC958_5098	NCTC13441_04508	b3987	BW25113_3987	ROD_37651	t3474	STM_MW41061	STMMW_41061	SL3261_4092	SL1344_4092	SEN3937
rpoC	rpoC	eco00230 / eco00240 / eco01100 / eco03020	Purine metabolism / Pyrimidine metabolism / Metabolic pathways / RNA polymerase	BN373_49811	ERS227112_01836	EC958_5099	NCTC13441_04507	b3988	BW25113_3988	ROD_37641	t3473	STM_MW41071	STMMW_41071	SL3261_4093	SL1344_4093	SEN3938
rpsG	rpsG	eco03010	Ribosome	BN373_43631	ERS227112_00860	EC958_3737	NCTC13441_00354	b3341	BW25113_3341	ROD_44781	t4058	STM_MW34391	STMMW_34391	SL3261_3414	SL1344_3414	SEN3275
ispF	ispF	eco00900 / eco01100 / eco01110 / eco01130	Terpenoid backbone biosynthesis / Metabolic pathways / Biosynthesis of secondary metabolites / Biosynthesis of antibiotics	BN373_37521	ERS227112_01552	EC958_3017	NCTC13441_01027	b2746	BW25113_2746	ROD_30631	t2830	STM_MW28921	STMMW_28921	SL3261_2908	SL1344_2908	SEN2768
ftsY	ftsY	eco02024 / eco03060 / eco03070	Quorum sensing / Protein export / Bacterial secretion system	BN373_44651	ERS227112_00755	EC958_3858	NCTC13441_00236	b3464	BW25113_3464	ROD_43571	t3951	STM_MW35601	STMMW_35601	SL3261_3536	SL1344_3536	SEN3394
ispH	ispH	eco00900 / eco01100 / eco01110 / eco01130	Terpenoid backbone biosynthesis / Metabolic pathways / Biosynthesis of secondary metabolites / Biosynthesis of antibiotics	BN373_05051	ERS227112_02359	EC958_0161	NCTC13441_03963	b0029	BW25113_0029	ROD_00261	t0051	STM_MW00501	STMMW_00501	SL3261_0050	SL1344_0050	SEN0049
murC	murC	eco00471 / eco00550 / eco01100	D-Glutamine and D-glutamate metabolism / Peptidoglycan biosynthesis / Metabolic pathways	BN373_05841	ERS227112_02432	EC958_0231	NCTC13441_03894	b0091	BW25113_0091	ROD_00971	t0133	STM_MW01351	STMMW_01351	SL3261_0129	SL1344_0129	SEN0130
rpsB	rpsB	eco03010	Ribosome	BN373_06741	ERS227112_02524	EC958_0315	NCTC13441_03808	b0169	BW25113_0169	ROD_01721	t0217	STM_MW02221	STMMW_02221	SL3261_0217	SL1344_0217	SEN0223
rpsJ	rpsJ	eco03010	Ribosome	BN373_43571	ERS227112_00866	EC958_3714	NCTC13441_00374	b3321	BW25113_3321	ROD_45011	t4064	STM_MW34331	STMMW_34331	SL3261_3408	SL1344_3408	SEN3269
rplN	rplN	eco03010	Ribosome	BN373_43461	ERS227112_00877	EC958_3703	NCTC13441_00385	b3310	BW25113_3310	ROD_45112	t4075	STM_MW34231	STMMW_34231	SL3261_3397	SL1344_3397	SEN3258
dapA	dapA	eco00261 / eco00300 / eco01100 / eco01110 / eco01120 / eco01130 / eco01230	Monobactam biosynthesis / Lysine biosynthesis / Metabolic pathways / Biosynthesis of secondary metabolites / Microbial metabolism in diverse environments / Biosynthesis of antibiotics / Biosynthesis of amino acids	BN373_34711	ERS227112_03767	EC958_2795	NCTC13441_01250	b2478	BW25113_2478	ROD_24271	t0370	STM_MW25071	STMMW_25071	SL3261_2452	SL1344_2452	SEN2468
secA	secA	eco02024 / eco03060 / eco03070	Quorum sensing / Protein export / Bacterial secretion system	BN373_05911	ERS227112_02438A	EC958_0239	NCTC13441_15added	b0098	BW25113_0098	ROD_01041	t0140	STM_MW01421	STMMW_01421	SL3261_0136	SL1344_0136	SEN0137
ftsQ	ftsQ	-	-	BN373_05861	ERS227112_02434	EC958_0233	NCTC13441_03892	b0093	BW25113_0093	ROD_00991	t0135	STM_MW01371	STMMW_01371	SL3261_0131	SL1344_0131	SEN0132
kdtA	waaA	eco00540 / eco01100	Lipopolysaccharide biosynthesis / Metabolic pathways	BN373_46151	ERS227112_00605	EC958_4041	NCTC13441_00050	b3633	BW25113_3633	ROD_41831	t3794	STM_MW37131	STMMW_37131	SL3261_3690	SL1344_3690	SEN3546
holD	holD	eco00230 / eco00240 / eco01100 / eco03030 / eco03430 / eco03440	Purine metabolism / Pyrimidine metabolism / Metabolic pathways / DNA replication / Mismatch repair / Homologous recombination	BN373_04531	ERS227112_02306	EC958_0100	NCTC13441_04023	b4372	BW25113_4372	ROD_48731	t4600	STM_MW45001	STMMW_45001	SL3261_4485	SL1344_4485	SEN4319
lptD	lptD	-	-	BN373_05381	ERS227112_02387	EC958_0190	NCTC13441_03934	b0054	BW25113_0054	ROD_00611	t0096	STM_MW00981	STMMW_00981	SL3261_0094	SL1344_0094	SEN0095
lpxK	lpxK	eco00540 / eco01100	Lipopolysaccharide biosynthesis / Metabolic pathways	BN373_15581	ERS227112_03430	EC958_1125	NCTC13441_02974	b0915	BW25113_0915	ROD_09831	t1949	STM_MW09961	STMMW_09961	SL3261_0922	SL1344_0922	SEN0889
rplQ	rplQ	eco03010	Ribosome	BN373_43311	ERS227112_00891	EC958_3688	NCTC13441_00401	b3294	BW25113_3294	ROD_45271	t4091	STM_MW34071	STMMW_34071	SL3261_3381	SL1344_3381	SEN3242
dapE	dapE	eco00300 / eco01100 / eco01120 / eco01230	Lysine biosynthesis / Metabolic pathways / Microbial metabolism in diverse environments / Biosynthesis of amino acids	BN373_34641	ERS227112_03774	EC958_2788	NCTC13441_01258	b2472	BW25113_2472	ROD_24201	t0376	STM_MW25021	STMMW_25021	SL3261_2446	SL1344_2446	SEN2462
hemB	hemB	eco00860 / eco01100 / eco01110	Porphyrin and chlorophyll metabolism / Metabolic pathways / Biosynthesis of secondary metabolites	BN373_08041	ERS227112_02666	EC958_0508	NCTC13441_03606	b0369	BW25113_0369	ROD_04141	t2492	STM_MW04421	STMMW_04421	SL3261_0367	SL1344_0367	SEN0355
glmU	glmU	eco00520 / eco01100 / eco01130	Amino sugar and nucleotide sugar metabolism / Metabolic pathways / Biosynthesis of antibiotics	BN373_47711	ERS227112_00448	EC958_4203	NCTC13441_04787	b3730	BW25113_3730	ROD_40101	t3657	STM_MW38471	STMMW_38471	SL3261_3829	SL1344_3829	SEN3676
trmD	trmD	-	-	BN373_35841	ERS227112_01713	EC958_2909	NCTC13441_01134	b2607	BW25113_2607	ROD_25571	t2629	STM_MW26881	STMMW_26881	SL3261_2647	SL1344_2647	SEN2595
nadK	nadK	eco00760 / eco01100	Nicotinate and nicotinamide metabolism / Metabolic pathways	BN373_35911	ERS227112_01706	EC958_2917	NCTC13441_01127	b2615	BW25113_2615	ROD_25641	t2637	STM_MW26971	STMMW_26971	SL3261_2655	SL1344_2655	SEN2603
fabI	fabI	eco00061 / eco00780 / eco01100 / eco01212	Fatty acid biosynthesis / Biotin metabolism / Metabolic pathways / Fatty acid metabolism	BN373_19101	ERS227112_05444	EC958_1622	NCTC13441_02474	b1288	BW25113_1288	ROD_17111	t1613	STM_MW16961	STMMW_16961	SL3261_1631	SL1344_1631	SEN1332
mrdA	mrdA	eco00550 / eco01501	Peptidoglycan biosynthesis / beta-Lactam resistance	BN373_12471	ERS227112_03109	EC958_0754	NCTC13441_03360	b0635	BW25113_0635	ROD_06531	t2227	STM_MW07051	STMMW_07051	SL3261_0628	SL1344_0628	SEN0609
pth	pth	-	-	BN373_28361	ERS227112_04426	EC958_1472	NCTC13441_02638	b1204	BW25113_1204	ROD_18091	t1093	STM_MW17751	STMMW_17751	SL3261_1711	SL1344_1711	SEN1256
coaE	coaE	eco00770 / eco01100	Pantothenate and CoA biosynthesis / Metabolic pathways	BN373_05951	ERS227112_02443	EC958_0243	NCTC13441_03883	b0103	BW25113_0103	ROD_01081	t0146	STM_MW01461	STMMW_01461	SL3261_0140	SL1344_0140	SEN0144
ubiB	ubiB	-	-	BN373_49561	ERS227112_01803	EC958_4317	NCTC13441_04664	b3835	BW25113_3835	ROD_39191	t3325	STM_MW39431	STMMW_39431	SL3261_3926	SL1344_3926	SEN3767
ispB	ispB	eco00900 / eco01110	Terpenoid backbone biosynthesis / Biosynthesis of secondary metabolites	BN373_42471	ERS227112_01001	EC958_3587	NCTC13441_00505	b3187	BW25113_3187	ROD_46331	t3222	STM_MW33041	STMMW_33041	SL3261_3277	SL1344_3277	SEN3138
dnaT	dnaT	eco03440	Homologous recombination	BN373_04401	ERS227112_02290	EC958_0092	NCTC13441_04034	b4362	BW25113_4362	ROD_48611	t4587	STM_MW44901	STMMW_44901	SL3261_4475	SL1344_4475	SEN4309
acpP	acpP	-	-	BN373_17061	ERS227112_03570	EC958_1290	NCTC13441_02818	b1094	BW25113_1094	ROD_11561	t1724	STM_MW12051	STMMW_12051	SL3261_1133	SL1344_1133	SEN1853
rpmA	rpmA	eco03010	Ribosome	BN373_42451	ERS227112_01003	EC958_3585	NCTC13441_00507	b3185	BW25113_3185	ROD_46351	t3220	STM_MW33021	STMMW_33021	SL3261_3275	SL1344_3275	SEN3136
rpsL	rpsL	eco03010	Ribosome	BN373_43641	ERS227112_00859	EC958_3738	NCTC13441_00353	b3342	BW25113_3342	ROD_44771	t4057	STM_MW34401	STMMW_34401	SL3261_3415	SL1344_3415	SEN3276
era	era	-	-	BN373_35491	ERS227112_00022	EC958_2872	NCTC13441_01173	b2566	BW25113_2566	ROD_25121	t0276	STM_MW25961	STMMW_25961	SL3261_2542	SL1344_2542	SEN2560
-	-	-	-	BN373_09941	ERS227112_05429	EC958_1344	NCTC13441_02766	-	-	ROD_26211	-	STM_MW20241	STMMW_20241	SL3261_1967	SL1344_1967	SEN1955
rpsH	rpsH	eco03010	Ribosome	BN373_43421	ERS227112_00881	EC958_3699	NCTC13441_00389	b3306	BW25113_3306	ROD_45161	t4079	STM_MW34191	STMMW_34191	SL3261_3393	SL1344_3393	SEN3254
iscS	iscS	eco00730 / eco01100 / eco04122	Thiamine metabolism / Metabolic pathways / Sulfur relay system	BN373_35191	ERS227112_00054	EC958_2841	NCTC13441_01206	b2530	BW25113_2530	ROD_24741	t0313	STM_MW25601	STMMW_25601	SL3261_2505	SL1344_2505	SEN2523
fabA	fabA	eco00061 / eco01100 / eco01212	Fatty acid biosynthesis / Metabolic pathways / Fatty acid metabolism	BN373_15951	ERS227112_03467	EC958_1158	NCTC13441_02942	b0954	BW25113_0954	ROD_10151	t1853	STM_MW10801	STMMW_10801	SL3261_1007	SL1344_1007	SEN0932
rplE	rplE	eco03010	Ribosome	BN373_43441	ERS227112_00879	EC958_3701	NCTC13441_00387	b3308	BW25113_3308	ROD_45141	t4077	STM_MW34211	STMMW_34211	SL3261_3395	SL1344_3395	SEN3256
valS	valS	eco00970	Aminoacyl-tRNA biosynthesis	BN373_02801	ERS227112_02145	EC958_4752	NCTC13441_04190	b4258	BW25113_4258	ROD_33241	t4510	STM_MW44211	STMMW_44211	SL3261_4405	SL1344_4405	SEN4228
parC	parC	-	-	BN373_40891	ERS227112_01171	EC958_3417	NCTC13441_00682	b3019	BW25113_3019	ROD_35651	t3095	STM_MW31341	STMMW_31341	SL3261_3148	SL1344_3148	SEN3017
secF	secF	eco03060 / eco03070	Protein export / Bacterial secretion system	BN373_08491	ERS227112_02711	EC958_0547	NCTC13441_03570	b0409	BW25113_0409	ROD_04571	t2455	STM_MW04781	STMMW_04781	SL3261_0403	SL1344_0403	SEN0391
secD	secD	eco03060 / eco03070	Protein export / Bacterial secretion system	BN373_08481	ERS227112_02710	EC958_0546	NCTC13441_03571	b0408	BW25113_0408	ROD_04561	t2456	STM_MW04771	STMMW_04771	SL3261_0402	SL1344_0402	SEN0390
lptE	lptE	-	-	BN373_12531	ERS227112_03115	EC958_0760	NCTC13441_03354	b0641	BW25113_0641	ROD_06611	t2220	STM_MW07121	STMMW_07121	SL3261_0635	SL1344_0635	SEN0616
lpdA	lpd	eco00010 / eco00020 / eco00260 / eco00280 / eco00620 / eco00630 / eco00640 / eco01100 / eco01110 / eco01120 / eco01130 / eco01200	Glycolysis / Gluconeogenesis / Citrate cycle (TCA cycle) / Glycine, serine and threonine metabolism / Valine, leucine and isoleucine degradation / Pyruvate metabolism / Glyoxylate and dicarboxylate metabolism / Propanoate metabolism / Metabolic pathways / Biosynthesis of secondary metabolites / Microbial metabolism in diverse environments / Biosynthesis of antibiotics / Carbon metabolism	BN373_06101	ERS227112_02458	EC958_0258	NCTC13441_03865	b0116	BW25113_0116	ROD_01221	t0160	STM_MW01601	STMMW_01601	SL3261_0154	SL1344_0154	SEN0158
ribH	ribE	eco00740 / eco01100 / eco01110	Riboflavin metabolism / Metabolic pathways / Biosynthesis of secondary metabolites	BN373_08561	ERS227112_02718	EC958_0553	NCTC13441_03564	b0415	BW25113_0415	ROD_04641	t2446	STM_MW04871	STMMW_04871	SL3261_0411	SL1344_0411	SEN0399
pssA	pssA	eco00260 / eco00564 / eco01100 / eco01110	Glycine, serine and threonine metabolism / Glycerophospholipid metabolism / Metabolic pathways / Biosynthesis of secondary metabolites	BN373_35661	ERS227112_00005	EC958_2891	NCTC13441_01154	b2585	BW25113_2585	ROD_25301	t0258	STM_MW26721	STMMW_26721	SL3261_2616	SL1344_2616	SEN2579
lpxD	lpxD	eco00540 / eco01100	Lipopolysaccharide biosynthesis / Metabolic pathways	BN373_06841	ERS227112_02534	EC958_0325	NCTC13441_03797	b0179	BW25113_0179	ROD_01821	t0227	STM_MW02321	STMMW_02321	SL3261_0227	SL1344_0227	SEN0233
dnaN	dnaN	eco00230 / eco00240 / eco01100 / eco03030 / eco03430 / eco03440	Purine metabolism / Pyrimidine metabolism / Metabolic pathways / DNA replication / Mismatch repair / Homologous recombination	BN373_47481	ERS227112_00471	EC958_4174	NCTC13441_04815	b3701	BW25113_3701	ROD_40261	t3682	STM_MW38221	STMMW_38221	SL3261_3804	SL1344_3804	SEN3654
accB	accB	eco00061 / eco00620 / eco00640 / eco01100 / eco01110 / eco01120 / eco01130 / eco01200 / eco01212	Fatty acid biosynthesis / Pyruvate metabolism / Propanoate metabolism / Metabolic pathways / Biosynthesis of secondary metabolites / Microbial metabolism in diverse environments / Biosynthesis of antibiotics / Carbon metabolism / Fatty acid metabolism	BN373_43051	ERS227112_00942	EC958_3647	NCTC13441_00446	b3255	BW25113_3255	ROD_45591	t3294	-	STMMW_33771	SL3261_3352	SL1344_3352	SEN3213
mraY	mraY	eco00550 / eco01100 / eco01502	Peptidoglycan biosynthesis / Metabolic pathways / Vancomycin resistance	BN373_05801	ERS227112_02428	EC958_0227	NCTC13441_03898	b0087	BW25113_0087	ROD_00931	t0129	STM_MW01311	STMMW_01311	SL3261_0125	SL1344_0125	SEN0126
fabZ	fabZ	eco00061 / eco00780 / eco01100 / eco01212	Fatty acid biosynthesis / Biotin metabolism / Metabolic pathways / Fatty acid metabolism	BN373_06851	ERS227112_02535	EC958_0326	NCTC13441_03796	b0180	BW25113_0180	ROD_01831	t0228	STM_MW02331	STMMW_02331	SL3261_0228	SL1344_0228	SEN0234
dut	dut	eco00240 / eco01100	Pyrimidine metabolism / Metabolic pathways	BN373_46231	ERS227112_00597	EC958_4048	NCTC13441_00043	b3640	BW25113_3640	ROD_41751	t3787	STM_MW37201	STMMW_37201	SL3261_3697	SL1344_3697	SEN3553
engB	yihA	-	-	BN373_48051	ERS227112_00412	EC958_4343	NCTC13441_04636	b3865	BW25113_3865	ROD_38961	t3620	STM_MW39651	STMMW_39651	SL3261_3948	SL1344_3948	SEN3789
rplJ	rplJ	eco03010	Ribosome	BN373_49781	ERS227112_01832	EC958_5096	NCTC13441_04511	b3985	BW25113_3985	ROD_37671	t3476	STM_MW41041	STMMW_41041	SL3261_4090	SL1344_4090	SEN3935
asnS	asnS	eco00970	Aminoacyl-tRNA biosynthesis	BN373_15731	ERS227112_03446	EC958_1141	NCTC13441_02959	b0930	BW25113_0930	ROD_09991	t1934	STM_MW10111	STMMW_10111	SL3261_0937	SL1344_0937	SEN0904
infC	infC	-	-	BN373_27651	ERS227112_04493	EC958_1939	NCTC13441_02161	b1718	BW25113_1718	ROD_13381	t1214	STM_MW13411	STMMW_13411	SL3261_1268	SL1344_1268	SEN1710
erpA	erpA	-	-	BN373_06621	ERS227112_02512	EC958_0304	NCTC13441_03820	b0156	BW25113_0156	ROD_01601	t0205	STM_MW02101	STMMW_02101	SL3261_0205	SL1344_0205	SEN0209
ubiD	ubiD	eco00130 / eco01100 / eco01110	Ubiquinone and other terpenoid-quinone biosynthesis / Metabolic pathways / Biosynthesis of secondary metabolites	BN373_49621	ERS227112_01809	EC958_4323	NCTC13441_04658	b3843	BW25113_3843	ROD_39131	t3319	STM_MW39491	STMMW_39491	SL3261_3932	SL1344_3932	SEN3773
